<?xml version="1.0" encoding="UTF-8"?>
<!--
// @<COPYRIGHT>@
// ==================================================
// Copyright 2021.
// Siemens Product Lifecycle Management Software Inc.
// All Rights Reserved.
// ==================================================
// @<COPYRIGHT>@
-->
<!-- Default style sheet for displaying item rev summary. -->
<subRendering>
	<header>
        <image source="type"/>
        <property name="owning_user"/>
        <property name="last_mod_date"/>
    </header>
    <page title="Critical Path" titleKey="Critical Path">
    	<content>
	    	<column width="50%">
		        <section titleKey="PROPERTIES">
		        	<property name="item_id"/>
		        	<property name="item_revision_id"/>
		        	<property name="object_name"/>
		        	<property name="object_desc"/>
		        	<property name="object_type"/>
		        </section>
	        </column>
	        <column width="50%">
		        <section titleKey="SCHEDULE">
			        <objectSet source="IMAN_reference.Schedule" defaultdisplay="listDisplay">
			            <tableDisplay>
			                <property name = "object_name" modifiable="false"/>
			                <property name = "object_type" modifiable="false"/>
			                <property name = "start_date" modifiable="false"/>
			                <property name = "owning_user" modifiable="false"/>
			            </tableDisplay>
			            <thumbnailDisplay/>
			            <listDisplay/>
			        </objectSet>
		        </section>
	        </column>
        </content>
        <content>
	        <section titleKey="CRITICAL PATH">
		        <objectSet source="m2_ScheduleList.ScheduleTask" defaultdisplay="tableDisplay" filterable="true">
		            <tableDisplay>
		                <property name = "object_name" modifiable="false"/>
		                <property name = "object_type" modifiable="false"/>
		                <property name = "fnd0PriorityString" modifiable="false"/>
		                <property name = "release_status_list" modifiable="false"/>
		                <property name = "date_released" modifiable="false"/>
		            </tableDisplay>
		            <thumbnailDisplay/>
		            <listDisplay/>
		        </objectSet>
	        </section>
	    </content>
        <htmlPanel declarativeKey="m2_EditPage"/>
    </page>
    <page title="Critical Path List" titleKey="Critical Path List">
        <content>
	        <section titleKey="CRITICAL PATH">
		        <objectSet source="m2_ScheduleList.ScheduleTask" defaultdisplay="tableDisplay" filterable="true">
		            <tableDisplay>
		                <property name = "object_name" modifiable="false"/>
		                <property name = "object_type" modifiable="false"/>
		                <property name = "fnd0PriorityString" modifiable="false"/>
		                <property name = "release_status_list" modifiable="false"/>
		                <property name = "date_released" modifiable="false"/>
		            </tableDisplay>
		            <thumbnailDisplay/>
		            <listDisplay/>
		        </objectSet>
		        <htmlPanel declarativeKey="m2_EditPage"/>
	        </section>
	    </content>
    </page>
</subRendering>
