<?xml version="1.0" encoding="UTF-8"?>
<!--
// @<COPYRIGHT>@
// ==================================================
// Copyright 2021.
// Siemens Product Lifecycle Management Software Inc.
// All Rights Reserved.
// ==================================================
// @<COPYRIGHT>@
-->
<!-- Style sheet (to be injected) for displaying Schedule properties. -->

<subRendering>
    <page title="Overview" titleKey="tc_xrt_Overview">
        <firstcolumn width="28%">
            <section title="Planning Properties" titleKey="tc_xrt_PlanningProperties">
                <property name="object_name" />
                <property name="object_desc"/>
                <property name="project_list"/>
                <property name="GRMS2P(Psi0EventScheduleRelation,Prg0AbsPlan).object_name" renderingHint="objectlink"/>
                <property name="GRMS2PREL(Psi0PlanSchedule,Prg0AbsPlan).primary_object" renderingHint="objectlink" titleKey="tc_xrt_Assignment"/>
                <property name="saw1MasterSchedules" modifiable="false" />
                <property name="fnd0PriorityString"/>
                <property name="saw1BudgetedEffort"/>
                <property name="saw1SSTWorkEffort"/>
                <property name="start_date"/>
                <property name="finish_date" />
                <property name="earliest_finish_date"/>
                <property name="fnd0ScheduleTypeString" modifiable="false" />
                <property name="saw1UnitOfTimeMeasure" />
                <property name= "GRMREL(IMAN_based_on, Schedule).secondary_object" titleKey="tc_xrt_TemplateUsed"/>
                <property name="IMAN_reference" modifiable="false"/>
            </section>
            <section title="Planning Properties" titleKey="tc_xrt_Project">
                <property name="m2_product_line" />
                <property name="m2_product" />
                <property name="m2_ProductType" />
                <property name="m2_project_type" />
                <property name="m2_platform_name" />
                <property name="m2_detail_functioin" />                    
                    
            </section>
            <section title=" Execution Properties" titleKey="tc_xrt_ExecutionProperties">
                <property name="fnd0state"/>
                <property name="fnd0status"/>
                <property name="saw1SSTWorkComplete" />
                <property name="fnd0SSTCompletePercent" modifiable="false" />
                <property name="fnd0ForecastStartDate" />
                <property name="fnd0SSTActualStart" modifiable="false"/>
                <property name="fnd0ForecastEndDate" />
                <property name="fnd0SSTActualFinish" modifiable="false" />
            </section>
            <section title="Flags" titleKey="tc_xrt_Flags">
                <property name="published"/>
                <property name="is_public"/>
                <property name="is_template" />
                <property name="fnd0IsExternal"/>
                <property name="dates_linked"/>
                <property name="percent_linked" />
                <property name="notifications_enabled" />
                <content visibleWhen="fnd0AutoTriggerSuccessor != null">
                     <property name="fnd0AutoTriggerSuccessor"/>
                </content>
                <property name="end_date_scheduling"/>
            </section>
            <section title="Stakeholders" titleKey="tc_xrt_Stakeholders">
                <property name="owning_user" />
                <property name="customer_name" />
                <property name="customer_number"/>
            </section>
        </firstcolumn>
        <column>
		 <!--Development Model-->
            <section titleKey="tc_xrt_DevModel">
				<objectSet source="M2_DevModelRel.M2_DevModelRevision" defaultdisplay="tableDisplay" sortby="object_string" sortdirection="ascending" showDropArea="false">
					<tableDisplay>
						<property name="object_name" />
						<property name="object_desc"/>
						<property name="object_type" />
						<property name="m2_serial_digit" modifiable="false"/>
						<property name="m2_project_start_date" modifiable="true"/>
						<property name="m2_product_launch_date" modifiable="true" />
						<property name="m2_PRA_date" modifiable="true"/>                
						<property name="m2_ProductDevRating" modifiable="true"/>
						<property name="m2_dev_model_name" modifiable="false"/>   
						<property name="owning_user" renderingHint="objectlink" modifiable="false"/>
					</tableDisplay>
					<treeDisplay>
						<property name="object_string"/>
					</treeDisplay>
					<listDisplay/>
					<thumbnailDisplay/>
					<command actionKey="newBusinessObjectContextualAction" commandId="com.teamcenter.rac.common.AddNew" renderingHint="commandbutton">
						<parameter name="visibleTabs" value="palette,search" />
					</command>	
					<command actionKey="pasteAction" commandId="com.teamcenter.rac.viewer.pastewithContext" renderingHint="commandbutton"/>
					<command actionKey="cutAction" commandId="org.eclipse.ui.edit.cut" renderingHint="commandbutton">
						<parameter name="localSelection" value="true"/>
					</command>
				</objectSet>
			</section>
            <section title = "Deliverables" titleKey ="tc_xrt_Deliverables">
                <objectSet source="schedule_deliverable_list.SchDeliverable" defaultdisplay="tableDisplay" maxRowCount="7">
                    <tableDisplay>
                        <property name = "deliverable_name"/>
                        <property name = "deliverable_type" modifiable="false" />
                        <property name = "deliverable_inst" />
                        <property name = "fnd0InstanceReleaseStatus"/>
                        <property name = "fnd0InstanceLastModfiedDate"/>
                        <property name = "fnd0InstanceOwningUser"/>
                    </tableDisplay>
                    <thumbnailDisplay/>
                    <listDisplay>
                        <property name = "deliverable_name"/>
                        <property name = "deliverable_type" modifiable="false" />
                        <property name = "deliverable_inst" modifiable="false" />
                        <property name = "fnd0InstanceReleaseStatus"/>
                        <property name = "fnd0InstanceLastModfiedDate"/>
                        <property name = "fnd0InstanceOwningUser"/>
                    </listDisplay>
                    <command actionKey="newBusinessObjectContextualAction" commandId="Saw1AddSchDeliverable" renderingHint="commandbutton" />
                </objectSet>
            </section>
            <section titleKey="tc_xrt_DeliverableInstances">
                <objectSet source="REFBY(schedule_tag, ScheduleTask).REF(sch_task_deliverable_list,SchTaskDeliverable).REF(schedule_deliverable,SchDeliverable).deliverable_inst" defaultdisplay="tableDisplay" maxRowCount="6" >
                <tableDisplay>
                    <property name = "object_name"/>
                    <property name = "object_type"/>
                    <property name = "release_status_list"/>
                    <property name = "owning_user"/>
                    <property name= "object_desc"/>
                    <property name= "object_string"/>
                    <property name= "last_mod_date"/>
                    <property name= "last_mod_user"/>
                </tableDisplay>
                <listDisplay>
                    <property name = "object_name"/>
                    <property name = "object_type"/>
                    <property name = "release_status_list"/>
                    <property name = "owning_user"/>
                    <property name= "object_desc"/>
                    <property name= "object_string"/>
                    <property name= "last_mod_date"/>
                    <property name= "last_mod_user"/>
                </listDisplay>
                </objectSet>
            </section>
            <section title = "Members" titleKey ="tc_xrt_ScheduleMembers">
                <objectSet source="saw1ScheduleMembers.ScheduleMember" defaultdisplay="tableDisplay" maxRowCount="7">
                    <tableDisplay>
                        <property name = "resource_tag" modifiable="false"/>
                        <property name = "saw1RoleInSchedule" modifiable="true"/>
                        <property name = "fnd0MemberTypeString" modifiable="false"/>
                        <property name = "saw1UserStatus" modifiable="false"/>
                    </tableDisplay>
                    <thumbnailDisplay/>
                    <listDisplay>
                        <property name = "resource_tag" modifiable="false"/>
                        <property name = "saw1RoleInSchedule" modifiable="true"/>
                        <property name = "fnd0MemberTypeString" modifiable="false"/>
                    </listDisplay>
                    <command actionKey="newBusinessObjectContextualAction" commandId="Saw1AddMember" renderingHint="commandbutton" />
                </objectSet>
            </section>
            <inject type="dataset" src="Cm1ChangeItemOnScheduleSummaryOverview"/>
        </column>
    </page>
    <page title="Tasks" titleKey="tc_xrt_Tasks">
        <objectSet source="Saw1TaskSearchProvider.WorkspaceObject,Saw1TaskSearchProvider.ScheduleTask" defaultdisplay="tableDisplay" sortby="" sortdirection="" maxRowCount="18" filterable="false">
            <tableDisplay>
                <property name="object_name"/>
                <property name="object_desc"/>
                <inject type="dataset" src="Adc1ScheduleTaskPlanning"/>
                <inject type="dataset" src="Adc1ScheduleTaskFlags"/>
                <property name="fnd0TaskTypeString" modifiable="false"/>
                <property name="start_date"/>
                <property name="finish_date"/>
                <property name="saw1Duration"/>
                <property name="ResourceAssignment" modifiable="false"/>
                <property name="sch_task_deliverable_list" modifiable="false"/>
                <property name="saw1WorkEffort"/>
                <property name="saw1WorkComplete"/>
                <property name="fnd0PercentCompleteString"/>
                <property name="fnd0state"/>
                <property name="fnd0status"/>
                <property name="fnd0PriorityString" />
                <property name="schedule_tag"  modifiable="false"/>
                <property name="fnd0task_tag" modifiable="false"/>
            </tableDisplay>
            <thumbnailDisplay/>
            <listDisplay>
                <property name="object_name"/>
                <property name="object_desc"/>
                <inject type="dataset" src="Adc1ScheduleTaskPlanning"/>
                <inject type="dataset" src="Adc1ScheduleTaskFlags"/>
                <property name="fnd0TaskTypeString" modifiable="false"/>
                <property name="start_date"/>
                <property name="finish_date"/>
                <property name="saw1Duration"/>
                <property name="ResourceAssignment" modifiable="false"/>
                <property name="sch_task_deliverable_list" modifiable="false"/>
                <property name="saw1WorkEffort"/>
                <property name="saw1WorkComplete"/>
                <property name="fnd0PercentCompleteString"/>
                <property name="fnd0state"/>
                <property name="fnd0status"/>
                <property name="fnd0PriorityString" />
                <property name="schedule_tag"  modifiable="false"/>
                <property name="item_id" modifiable="false"/>
            </listDisplay>
            <command actionKey="newBusinessObjectContextualAction" commandId="Saw1CreateScheduleTask" renderingHint="commandbutton" />
        </objectSet>
    </page>
    <page title= "Resource Load" titleKey="tc_xrt_ResourceLoad">
        <section>
            <htmlPanel declarativeKey="Saw1ResourceChart"/>
        </section>
    </page>
    <inject type="dataset" src="AuditLogForSchedule"/>
    <inject type="dataset" src="Psi0ProgramRelationSummary"/>
    <page titleKey="tc_xrt_ScheduleCalendar">
        <section>
            <htmlPanel declarativeKey="Saw1ScheduleCalendar"/>
        </section>
    </page>
	<page titleKey="Critical Path Revision List">
    	<!--<inject type="dataset" src="AWC_M2_CriticalPathRevisionSummary" />-->
	    <objectSet source="REF(IMAN_reference,M2_CriticalPathRevision).REF(items_tag, M2_CriticalPath).revision_list" defaultdisplay="tableDisplay" sortby="item_revision_id" sortdirection="ascending">
	        <tableDisplay>
	            <property name = "object_name" modifiable="false"/>
	            <property name = "object_type" modifiable="false"/>
	            <property name = "item_id" modifiable="false"/>
	            <property name = "item_revision_id" modifiable="false"/>
	        </tableDisplay>
	        <thumbnailDisplay/>
	        <listDisplay/>
	    </objectSet>
	</page>
</subRendering>
