{
    "commands": {
        "Samsung": {
            "iconId": "cmdSettings",
            "title": "{{i18n.SamsungTitle}}"
        },
        "customWorkflow": {
            "iconId": "cmdDiagram",
            "title": "{{i18n.customWorkflowTitle}}",
            "description": "{{i18n.customWorkflowDescription}}"
        },
        "m2_createCPPanelOpen": {
            "iconId": "cmdCriticalPath",
            "title": "Create Critical Path"
        },
        "m2_ReviseCP": {
            "iconId": "cmdCriticalPath",
            "title": "Revise & Update Critical Path"
        }
    },
    "commandHandlers": {
        "SamsungHandler": {
            "id": "Samsung",
            "action": "setSamsung",
            "activeWhen": true,
            "visibleWhen": {
                "condition": "conditions.supportsSamsung"
            },
            "selectWhen": {
                "condition": "conditions.isSamsung"
            }
        },
        "customWorkflowHandler": {
            "id": "customWorkflow",
            "action": "activatecustomWorkflow",
            "activeWhen": true,
            "visibleWhen": {
                "condition": "conditions.true"
            }
        },
        "m2_createCPPanelOpenCommandHandler": {
          "id": "m2_createCPPanelOpen",
          "action": "createCPPanelOpen",
          "activeWhen": true,
          "visibleWhen": {
            "condition": "conditions.isTask"
          },
          "enableWhen": true
        },
        "m2_ReviseCPCommandHandler": {
          "id": "m2_ReviseCP",
          "action": "reviseCPEvent",
          "activeWhen": true,
          "visibleWhen": {
            "condition": "conditions.isCP"
          },
          "enableWhen": true
        }
    },
    "commandPlacements": {
        "pms_Awp0ShowLightThemePlacement": {
            "id": "Awp0ShowLightTheme",
            "priority": 1,
            "parentGroupId": "Awp0ChangeTheme"
        },
        "SamsungPlacement": {
            "id": "Samsung",
            "uiAnchor": "aw_globalToolbar",
            "priority": 3,
            "parentGroupId": "Awp0ChangeTheme"
        },
        "m2_createCPPanelOpenPlacement": {
          "id": "m2_createCPPanelOpen",
          "uiAnchor": "aw_rightWall",
          "parentGroupId": "Awp0NewGroup",
          "priority": 1
        },
        "m2_ReviseCPPlacement": {
          "id": "m2_ReviseCP",
          "uiAnchor": "aw_rightWall",
          "parentGroupId": "Awp0NewGroup",
          "priority": 2
        }
    },
    "actions": {
        "setSamsung": {
            "actionType": "JSFunction",
            "method": "setTheme",
            "inputData": {
                "0": "ui-Samsung"
            },
            "deps": "js/theme.service"
        },
        "activatecustomWorkflow": {
            "actionType": "JSFunction",
            "method": "executeWorkflow",
            "deps": "js/customWorkflowService",
            "inputData": {
                "text": "Hello customWorkflow!"
            }
        },
        "createCPPanelOpen": {
          "actionType": "JSFunction",
          "method": "createCPPanelOpen",
          "inputData": {
            "data": "{{data}}",
            "ctx": "{{ctx}}"
          },
          "deps": "js/criticalPathService"
        },
        "reviseCPEvent": {
          "actionType": "JSFunction",
          "method": "reviseCPEvent",
          "inputData": {
            "data": "{{data}}",
            "ctx": "{{ctx}}"
          },
          "deps": "js/criticalPathService"
        }
    },
    "conditions": {
        "supportsSamsung": {
            "expression": "!ctx.changeThemeDisabled"
        },
        "isSamsung": {
            "expression": "ctx.theme === 'ui-Samsung'"
        },
        "objectIsSelected": {
            "expression": "ctx.selected"
        },
        "isCP": {
            "expression": "ctx.xrtSummaryContextObject && ctx.xrtSummaryContextObject.type == 'M2_CriticalPathRevision'"
        },
        "isTask": {
            "expression": "ctx.pselected && ctx.pselected.type == 'Schedule'"
        }
    },
    "i18n": {
        "SamsungTitle": [
            "pmsMessages"
        ],
        "customWorkflowTitle": [
            "pmsMessages"
        ],
        "customWorkflowDescription": [
            "pmsMessages"
        ]
    }
}