{
    "name": "pms",
    "description": "This is the pms module",
    "skipTest": true,
    "themeExtensions": [
        "pmsTheme",
        "pmsHomeTheme",
        "ui-Samsung"
    ],
    "typeProperties": {
        "typeProperties": {
            "ScheduleTask": {
                "additionalProperties": [
                    {"name": "object_name"},
                    {"name": "object_type"},
                    {"name": "priority"},
                    {"name": "fnd0PriorityString"},
                    {"name": "IMAN_reference"}
                ]
            },
            "Schedule": {
                "additionalProperties": [
                    {"name": "object_name"},
                    {"name": "object_type"},
                    {"name": "priority"},
                    {"name": "fnd0PriorityString"},
                    {"name": "IMAN_reference"}
                ]
            },
            "M2_CriticalPathRevision": {
                "additionalProperties": [
                    {"name": "IMAN_reference"}
                ]
            }
        }
    }
}