{
    "typeProperties": {
        "Psi0PrgDelRevision": {
            "additionalProperties": [
                {
                    "name": "item_id"
                }
            ]
        },
        "Prg0Event": {
            "additionalProperties": [
                {
                    "name": "Psi0EventScheduleRelation"
                },
                {
                    "name": "Psi0PlanSchedule"
                }
            ]
        },
        "EPMDoTask": {
            "additionalProperties": [
                {
                    "name": "due_date"
                },
                {
                    "name": "job_name"
                },
                {
                    "name": "fnd0Assignee"
                },
                {
                    "name": "fnd0PerformForm"
                },
                {
                    "name": "state"
                },
                {
                    "name": "viewed_by_me"
                },
                {
                    "name": "responsible_party"
                },
                {
                    "name": "active_surrogate"
                }
            ]
        },
        "EPMJob": {
            "additionalProperties": [
                {
                    "name": "object_desc"
                }
            ]
        },
        "Prg0ProjectPlan": {
            "additionalProperties": [
                {
                    "name": "prg0PlanId"
                },
                {
                    "name": "object_name"
                },
                {
                    "name": "prg0ParentPlan"
                },
                {
                    "name": "ips0InnovationType"
                },
                {
                    "name": "prg0Customer"
                },
                {
                    "name": "ipm0Priority"
                },
                {
                    "name": "ipm0TargetedStart"
                },
                {
                    "name": "ipm0TargetedEnd"
                },
                {
                    "name": "Psi0PlanSchedule"
                },
                {
                    "name": "M2_BaseProjectPlanRel"
                }
                
            ]
        },
        "Schedule": {
            "additionalProperties": [
                {"name": "object_name"},
                {"name": "object_type"},
                {"name": "priority"},
                {"name": "fnd0PriorityString"},
                {"name": "IMAN_reference"},
                {
                    "name": "fnd0SSTCompletePercent"
                }
            ]
        },
        "ScheduleTask": {
            "additionalProperties": [
                {"name": "object_name"},
                {"name": "object_type"},
                {"name": "priority"},
                {"name": "fnd0PriorityString"},
                {"name": "IMAN_reference"}
            ]
        },
        "M2_CriticalPathRevision": {
            "additionalProperties": [
                {"name": "IMAN_reference"}
            ]
        }
    }
}