<?xml version="1.0" encoding="UTF-8"?>
<preferences version="10.0">
  <category name="General">
    <category_description>No description available for this category.</category_description>  
    
    <preference name="AWC_M2_CriticalPathRevision.SUMMARYRENDERING" type="String" array="true" disabled="false" protectionScope="Site" envEnabled="false">
      <preference_description>This is an internal preference.</preference_description>
      <context name="Teamcenter">
        <value>M2_CriticalPathRevisionSummary</value>
      </context>
    </preference>
    <preference name="AWC_M2_CriticalPathRevision.SUMMARYRENDERING" type="String" array="true" disabled="false" protectionScope="Site" envEnabled="false">
      <preference_description>This is an internal preference.</preference_description>
      <context name="Teamcenter">
        <value>AWC_M2_CriticalPathRevisionSummary</value>
      </context>
    </preference>
    
    <preference name="AWC_M2_AbsMasterData.CREATERENDERING" type="String" array="true" disabled="false" protectionScope="Site" envEnabled="false">
      <preference_description>This is an internal preference.</preference_description>
      <context name="Teamcenter">
        <value>M2_AbsMasterDataCreate</value>
      </context>
    </preference>
    <preference name="AWC_M2_AbsMasterData.SUMMARYRENDERING" type="String" array="true" disabled="false" protectionScope="Site" envEnabled="false">
      <preference_description>This is an internal preference.</preference_description>
      <context name="Teamcenter">
        <value>M2_AbsMasterDataSummary</value>
      </context>
    </preference>
    <preference name="AWC_M2_AbsMktgItem.CREATERENDERING" type="String" array="true" disabled="false" protectionScope="Site" envEnabled="false">
      <preference_description>This is an internal preference.</preference_description>
      <context name="Teamcenter">
        <value>M2_AbsMktgItemCreate</value>
      </context>
    </preference>
    <preference name="AWC_M2_AbsMktgItemRevision.SUMMARYRENDERING" type="String" array="true" disabled="false" protectionScope="Site" envEnabled="false">
      <preference_description>This is an internal preference.</preference_description>
      <context name="Teamcenter">
        <value>M2_AbsMktgItemRevSummary</value>
      </context>
    </preference>
    <preference name="AWC_M2_AbsMktgItemRevision.showObjectLocation.SUMMARYRENDERING" type="String" array="true" disabled="false" protectionScope="Site" envEnabled="false">
      <preference_description>This is an internal preference.</preference_description>
      <context name="Teamcenter">
        <value>M2_AbsMktgItemRevSummaryForShowObjectLocation</value>
      </context>
    </preference>
    <preference name="AWC_M2_AbsPrdFamily.CREATERENDERING" type="String" array="true" disabled="false" protectionScope="Site" envEnabled="false">
      <preference_description>This is an internal preference.</preference_description>
      <context name="Teamcenter">
        <value>M2_AbsPrdFamilyCreate</value>
      </context>
    </preference>
    <preference name="AWC_M2_AbsPrdFamilyRevision.SUMMARYRENDERING" type="String" array="true" disabled="false" protectionScope="Site" envEnabled="false">
      <preference_description>This is an internal preference.</preference_description>
      <context name="Teamcenter">
        <value>M2_AbsPrdFamilyRevSummary</value>
      </context>
    </preference>
    <preference name="AWC_M2_AbsPrdFamilyRevision.showObjectLocation.SUMMARYRENDERING" type="String" array="true" disabled="false" protectionScope="Site" envEnabled="false">
      <preference_description>This is an internal preference.</preference_description>
      <context name="Teamcenter">
        <value>M2_AbsPrdFamilyRevSummaryForShowObjectLocation</value>
      </context>
    </preference>
    <preference name="AWC_M2_CPN.CREATERENDERING" type="String" array="true" disabled="false" protectionScope="Site" envEnabled="false">
      <preference_description>This is an internal preference.</preference_description>
      <context name="Teamcenter">
        <value>M2_CPNCreate</value>
      </context>
    </preference>
    <preference name="AWC_M2_CPNRevision.SUMMARYRENDERING" type="String" array="true" disabled="false" protectionScope="Site" envEnabled="false">
      <preference_description>This is an internal preference.</preference_description>
      <context name="Teamcenter">
        <value>M2_CPNRevSummary</value>
      </context>
    </preference>
    <preference name="AWC_M2_CPNRevision.showObjectLocation.OccurrenceManagementSubLocation.SUMMARYRENDERING" type="String" array="true" disabled="false" protectionScope="Site" envEnabled="false">
      <preference_description>This is an internal preference.</preference_description>
      <context name="Teamcenter">
        <value>M2_CPNRevSummary</value>
      </context>
    </preference>
    <preference name="AWC_M2_CPNRevision.showObjectLocation.SUMMARYRENDERING" type="String" array="true" disabled="false" protectionScope="Site" envEnabled="false">
      <preference_description>This is an internal preference.</preference_description>
      <context name="Teamcenter">
        <value>M2_CPNRevSummaryForShowObjectLocation</value>
      </context>
    </preference>
    <preference name="AWC_M2_DevModel.CREATERENDERING" type="String" array="true" disabled="false" protectionScope="Site" envEnabled="false">
      <preference_description>This is an internal preference.</preference_description>
      <context name="Teamcenter">
        <value>M2_DevModelCreate</value>
      </context>
    </preference>
    <preference name="AWC_M2_DevModelRevision.SUMMARYRENDERING" type="String" array="true" disabled="false" protectionScope="Site" envEnabled="false">
      <preference_description>This is an internal preference.</preference_description>
      <context name="Teamcenter">
        <value>M2_DevModelRevSummary</value>
      </context>
    </preference>
    <preference name="AWC_M2_DevModelRevision.showObjectLocation.OccurrenceManagementSubLocation.SUMMARYRENDERING" type="String" array="true" disabled="false" protectionScope="Site" envEnabled="false">
      <preference_description>This is an internal preference.</preference_description>
      <context name="Teamcenter">
        <value>M2_DevModelRevSummary</value>
      </context>
    </preference>
    <preference name="AWC_M2_DevModelRevision.showObjectLocation.SUMMARYRENDERING" type="String" array="true" disabled="false" protectionScope="Site" envEnabled="false">
      <preference_description>This is an internal preference.</preference_description>
      <context name="Teamcenter">
        <value>M2_DevModelRevSummaryForShowObjectLocation</value>
      </context>
    </preference>
    <preference name="AWC_M2_DevPrjPlan.CREATERENDERING" type="String" array="true" disabled="false" protectionScope="Site" envEnabled="false">
      <preference_description>This is an internal preference.</preference_description>
      <context name="Teamcenter">
        <value>M2_DevPrjPlanCreate</value>
      </context>
    </preference>
    <preference name="AWC_M2_DevPrjPlanRevision.SUMMARYRENDERING" type="String" array="true" disabled="false" protectionScope="Site" envEnabled="false">
      <preference_description>This is an internal preference.</preference_description>
      <context name="Teamcenter">
        <value>M2_DevPrjPlanRevSummary</value>
      </context>
    </preference>
    <preference name="AWC_M2_DevPrjPlanRevision.showObjectLocation.SUMMARYRENDERING" type="String" array="true" disabled="false" protectionScope="Site" envEnabled="false">
      <preference_description>This is an internal preference.</preference_description>
      <context name="Teamcenter">
        <value>M2_DevPrjPlanRevSummaryForShowObjectLocation</value>
      </context>
    </preference>
    <preference name="AWC_M2_Model.CREATERENDERING" type="String" array="true" disabled="false" protectionScope="Site" envEnabled="false">
      <preference_description>This is an internal preference.</preference_description>
      <context name="Teamcenter">
        <value>M2_ModelCreate</value>
      </context>
    </preference>
    <preference name="AWC_M2_Model.showObjectLocation.SUMMARYRENDERING" type="String" array="true" disabled="false" protectionScope="Site" envEnabled="false">
      <preference_description>This is an internal preference.</preference_description>
      <context name="Teamcenter">
        <value>M2_ModelRevSummaryForShowObjectLocation</value>
      </context>
    </preference>
    <preference name="AWC_M2_ModelRevision.SUMMARYRENDERING" type="String" array="true" disabled="false" protectionScope="Site" envEnabled="false">
      <preference_description>This is an internal preference.</preference_description>
      <context name="Teamcenter">
        <value>M2_ModelRevSummary</value>
      </context>
    </preference>
    <preference name="AWC_M2_ModelRevision.showObjectLocation.OccurrenceManagementSubLocation.SUMMARYRENDERING" type="String" array="true" disabled="false" protectionScope="Site" envEnabled="false">
      <preference_description>This is an internal preference.</preference_description>
      <context name="Teamcenter">
        <value>M2_ModelRevSummary</value>
      </context>
    </preference>
    <preference name="AWC_M2_ModelRevision.showObjectLocation.SUMMARYRENDERING" type="String" array="true" disabled="false" protectionScope="Site" envEnabled="false">
      <preference_description>This is an internal preference.</preference_description>
      <context name="Teamcenter">
        <value>M2_ModelRevSummaryForShowObjectLocation</value>
      </context>
    </preference>
    <preference name="AWC_M2_NeededTech.CREATERENDERING" type="String" array="true" disabled="false" protectionScope="Site" envEnabled="false">
      <preference_description>This is an internal preference.</preference_description>
      <context name="Teamcenter">
        <value>M2_NeededTechCreate</value>
      </context>
    </preference>
    <preference name="AWC_M2_NeededTechRevision.SUMMARYRENDERING" type="String" array="true" disabled="false" protectionScope="Site" envEnabled="false">
      <preference_description>This is an internal preference.</preference_description>
      <context name="Teamcenter">
        <value>M2_NeededTechRevSummary</value>
      </context>
    </preference>
    <preference name="AWC_M2_NeededTechRevision.showObjectLocation.SUMMARYRENDERING" type="String" array="true" disabled="false" protectionScope="Site" envEnabled="false">
      <preference_description>This is an internal preference.</preference_description>
      <context name="Teamcenter">
        <value>M2_NeededTechRevSummaryForShowObjectLocation</value>
      </context>
    </preference>
    <preference name="AWC_M2_OPN.CREATERENDERING" type="String" array="true" disabled="false" protectionScope="Site" envEnabled="false">
      <preference_description>This is an internal preference.</preference_description>
      <context name="Teamcenter">
        <value>M2_OPNCreate</value>
      </context>
    </preference>
    <preference name="AWC_M2_OPNRevision.SUMMARYRENDERING" type="String" array="true" disabled="false" protectionScope="Site" envEnabled="false">
      <preference_description>This is an internal preference.</preference_description>
      <context name="Teamcenter">
        <value>M2_OPNRevSummary</value>
      </context>
    </preference>
    <preference name="AWC_M2_OPNRevision.showObjectLocation.OccurrenceManagementSubLocation.SUMMARYRENDERING" type="String" array="true" disabled="false" protectionScope="Site" envEnabled="false">
      <preference_description>This is an internal preference.</preference_description>
      <context name="Teamcenter">
        <value>M2_OPNRevSummary</value>
      </context>
    </preference>
    <preference name="AWC_M2_OPNRevision.showObjectLocation.SUMMARYRENDERING" type="String" array="true" disabled="false" protectionScope="Site" envEnabled="false">
      <preference_description>This is an internal preference.</preference_description>
      <context name="Teamcenter">
        <value>M2_OPNRevSummaryForShowObjectLocation</value>
      </context>
    </preference>
    <preference name="AWC_M2_ProductLine.CREATERENDERING" type="String" array="true" disabled="false" protectionScope="Site" envEnabled="false">
      <preference_description>This is an internal preference.</preference_description>
      <context name="Teamcenter">
        <value>M2_ProductLineCreate</value>
      </context>
    </preference>
    <preference name="AWC_M2_ProductLineRevision.SUMMARYRENDERING" type="String" array="true" disabled="false" protectionScope="Site" envEnabled="false">
      <preference_description>This is an internal preference.</preference_description>
      <context name="Teamcenter">
        <value>M2_ProductLineRevSummary</value>
      </context>
    </preference>
    <preference name="AWC_M2_ProductLineRevision.showObjectLocation.OccurrenceManagementSubLocation.SUMMARYRENDERING" type="String" array="true" disabled="false" protectionScope="Site" envEnabled="false">
      <preference_description>This is an internal preference.</preference_description>
      <context name="Teamcenter">
        <value>M2_AbsPrdFamilyRevSummary</value>
      </context>
    </preference>
    <preference name="AWC_M2_ProductLineRevision.showObjectLocation.SUMMARYRENDERING" type="String" array="true" disabled="false" protectionScope="Site" envEnabled="false">
      <preference_description>This is an internal preference.</preference_description>
      <context name="Teamcenter">
        <value>M2_ProductLineRevSummaryForShowObjectLocation</value>
      </context>
    </preference>
    <preference name="AWC_M2_Segment.CREATERENDERING" type="String" array="true" disabled="false" protectionScope="Site" envEnabled="false">
      <preference_description>This is an internal preference.</preference_description>
      <context name="Teamcenter">
        <value>M2_SegmentCreate</value>
      </context>
    </preference>
    <preference name="AWC_M2_SegmentRevision.SUMMARYRENDERING" type="String" array="true" disabled="false" protectionScope="Site" envEnabled="false">
      <preference_description>This is an internal preference.</preference_description>
      <context name="Teamcenter">
        <value>M2_SegmentRevSummary</value>
      </context>
    </preference>
    <preference name="AWC_M2_SegmentRevision.showObjectLocation.SUMMARYRENDERING" type="String" array="true" disabled="false" protectionScope="Site" envEnabled="false">
      <preference_description>This is an internal preference.</preference_description>
      <context name="Teamcenter">
        <value>M2_SegmentRevSummaryForShowObjectLocation</value>
      </context>
    </preference>
    <preference name="AWC_M2_SegmentRevision.showObjectLocation.objectNavigationSubLocation.SUMMARYRENDERING" type="String" array="true" disabled="false" protectionScope="Site" envEnabled="false">
      <preference_description>This is an internal preference.</preference_description>
      <context name="Teamcenter">
        <value>M2_SegmentRevSummaryForShowObjectLocation</value>
      </context>
    </preference>
    <preference name="AWC_M2_TechPrjPlan.CREATERENDERING" type="String" array="true" disabled="false" protectionScope="Site" envEnabled="false">
      <preference_description>This is an internal preference.</preference_description>
      <context name="Teamcenter">
        <value>M2_TechPrjPlanCreate</value>
      </context>
    </preference>
    <preference name="AWC_M2_TechPrjPlanRevision.SUMMARYRENDERING" type="String" array="true" disabled="false" protectionScope="Site" envEnabled="false">
      <preference_description>This is an internal preference.</preference_description>
      <context name="Teamcenter">
        <value>M2_TechPrjPlanRevSummary</value>
      </context>
    </preference>
    <preference name="AWC_M2_TechPrjPlanRevision.showObjectLocation.SUMMARYRENDERING" type="String" array="true" disabled="false" protectionScope="Site" envEnabled="false">
      <preference_description>This is an internal preference.</preference_description>
      <context name="Teamcenter">
        <value>M2_TechPrjPlanRevSummaryForShowObjectLocation</value>
      </context>
    </preference>
    <preference name="AWC_M2_TechProposal.CREATERENDERING" type="String" array="true" disabled="false" protectionScope="Site" envEnabled="false">
      <preference_description>This is an internal preference.</preference_description>
      <context name="Teamcenter">
        <value>M2_TechProposalCreate</value>
      </context>
    </preference>
    <preference name="AWC_M2_TechProposalRevision.SUMMARYRENDERING" type="String" array="true" disabled="false" protectionScope="Site" envEnabled="false">
      <preference_description>This is an internal preference.</preference_description>
      <context name="Teamcenter">
        <value>M2_TechProposalRevSummary</value>
      </context>
    </preference>
    <preference name="AWC_M2_TechProposalRevision.showObjectLocation.SUMMARYRENDERING" type="String" array="true" disabled="false" protectionScope="Site" envEnabled="false">
      <preference_description>This is an internal preference.</preference_description>
      <context name="Teamcenter">
        <value>M2_TechProposalRevSummaryForShowObjectLocation</value>
      </context>
    </preference>
  </category>
</preferences>